name      | surename   | birthday   | street                              | zip         | city                   | region                 | country
Lois      | Wyatt      | 1919-10-19 | P.O. Box 956, 7607 Ac Rd.           | 658310      | Regensburg             | Bayern                 | Latvia
Samson    | Roberson   | 1919-11-30 | Ap #423-5304 Amet, Ave              | 61007       | Landshut               | Bayern                 | Sri Lanka
Jonas     | Baker      | 2020-03-03 | 561-513 At, Rd.                     | 31128       | Hamburg                | Hamburg                | Kuwait
Adam      | Lynch      | 2020-05-27 | 898-5391 Sit Rd.                    | 1038        | Karlsruhe              | Baden Württemberg      | Monaco
Imogene   | Mason      | 1919-09-01 | Ap #732-4044 Mauris Av.             | 269419      | Gelsenkirchen          | Nordrhein-Westphalen   | Sint Maarten
Jackson   | Reed       | 2020-08-15 | 467-8375 Ornare St.                 | 90436       | Hamburg                | Hamburg                | Monaco
Dahlia    | Stevenson  | 2020-09-01 | 480-5533 Sem, St.                   | 22677       | Wismar                 | Mecklenburg-Vorpommern | Singapore
Hedwig    | Kirby      | 2020-04-06 | Ap #331-4844 Scelerisque St.        | 652388      | Offenburg              | Baden Württemberg      | Ghana
Katell    | Jacobson   | 1919-04-04 | Ap #274-2408 Erat Rd.               | 807907      | Wetzlar                | Hessen                 | Eritrea
Scott     | Robles     | 2020-08-07 | Ap #650-1134 Malesuada Rd.          | 11128       | Bremerhaven            | Bremen                 | Sweden
Conan     | Mccarthy   | 2121-03-20 | P.O. Box 591, 9628 Sagittis. Street | R3C 3P3     | Blankenfelde-Mahlow    | Brandenburg            | Holy See (Vatican City State)
Nayda     | Perry      | 2020-03-15 | Ap #690-4254 Ut, St.                | 90619       | Hamburg                | Hamburg                | Philippines
Colin     | Spears     | 2020-01-22 | 3080 Maecenas Street                | 73108       | Elmshorn               | Schleswig-Holstein     | Pakistan
Maisie    | Baker      | 1919-05-30 | Ap #812-5695 Integer Rd.            | 48342       | Plauen                 | Sachsen                | Antarctica
Deacon    | Reynolds   | 1919-08-10 | 2701 Velit St.                      | 47157       | Braunschweig           | Niedersachsen          | Dominican Republic
Vivian    | Mcfarland  | 2020-10-13 | 786-4060 Nulla St.                  | 2610        | Burg                   | Sachsen-Anhalt         | Malawi
Dylan     | Chang      | 1919-10-18 | P.O. Box 553, 1579 A Avenue         | 94-899      | Bad Dürkheim           | Rheinland-Pfalz        | Equatorial Guinea
Ivy       | Huffman    | 1919-10-30 | Ap #710-8437 Arcu. Street           | 73-070      | Pinneberg              | Schleswig-Holstein     | Kiribati
Nathan    | Livingston | 2121-01-14 | Ap #673-8755 Non Road               | 4266        | Berlin                 | Berlin                 | Slovakia
Eric      | Dillard    | 1919-10-05 | 522-3224 Mauris Av.                 | 3493 SJ     | Speyer                 | Rheinland-Pfalz        | Saint Barthélemy
Ivan      | Daugherty  | 1919-05-01 | Ap #941-154 Tellus, Street          | 31478       | Landshut               | Bayern                 | Guinea
Sylvia    | Simon      | 2020-01-22 | 585-6699 Sed Ave                    | 134872      | Aschersleben           | Sachsen-Anhalt         | Austria
Vivian    | Logan      | 1919-09-02 | Ap #999-429 Facilisis Rd.           | 19700-01341 | Husum                  | Schleswig-Holstein     | Guinea-Bissau
Merritt   | Rice       | 2020-12-02 | 7920 A, St.                         | 13077       | Werder                 | Brandenburg            | Ecuador
Vivian    | David      | 2020-12-10 | 2854 Suspendisse Road               | 60006       | Lörrach                | Baden Württemberg      | American Samoa
Mechelle  | Ward       | 1919-09-16 | Ap #524-7972 Senectus Av.           | 04249-651   | Meißen                 | Sachsen                | Guam
Sopoline  | Walton     | 2020-09-27 | 8758 Tincidunt, Road                | 79004       | Radebeul               | Sachsen                | Antigua and Barbuda
Yardley   | Drake      | 2020-01-16 | Ap #369-3688 Egestas Rd.            | 71050       | Neubrandenburg         | Mecklenburg-Vorpommern | Belarus
Calista   | Pope       | 2020-06-01 | 8188 Lorem Road                     | 2771        | Schweinfurt            | Bayern                 | Cayman Islands
Allen     | Wall       | 2020-05-01 | Ap #555-7145 Ante Street            | 50743       | Köln                   | Nordrhein-Westphalen   | Croatia
McKenzie  | Decker     | 1919-10-27 | 4790 Nunc Avenue                    | V7T 2Z1     | Dortmund               | Nordrhein-Westphalen   | Guernsey
Diana     | Stone      | 1919-03-25 | P.O. Box 908, 615 Mi. Road          | 3396        | Viernheim              | Hessen                 | Chad
Porter    | Ballard    | 2121-01-15 | 4038 Aliquam Ave                    | 9752        | Nuremberg              | Bayern                 | Thailand
Whilemina | Levy       | 2020-01-31 | P.O. Box 718, 7631 Congue Rd.       | 344833      | Chemnitz               | Sachsen                | Ethiopia
Graiden   | Craft      | 2121-02-27 | P.O. Box 662, 4072 Dictum Road      | 576515      | Greifswald             | Mecklenburg-Vorpommern | Gibraltar
Amethyst  | Booker     | 2020-03-09 | P.O. Box 640, 2765 Tellus St.       | 9525        | Rosenheim              | Bayern                 | France
Elliott   | Neal       | 2020-01-14 | P.O. Box 183, 8031 Justo Rd.        | 168132      | Celle                  | Niedersachsen          | Netherlands
Tobias    | Franco     | 1919-07-29 | 2489 Neque. Avenue                  | 405493      | Hamburg                | Hamburg                | Rwanda
Stacy     | Melton     | 2020-05-12 | Ap #232-1340 Risus Road             | S64 2VI     | Hamburg                | Hamburg                | Burundi
Lamar     | Dixon      | 1919-09-15 | P.O. Box 616, 2253 Elementum Road   | 00895       | Würzburg               | Bayern                 | Hungary
Wilma     | Weber      | 2020-10-08 | 1395 Lobortis, Avenue               | 31477       | Berlin                 | Berlin                 | San Marino
Frances   | Klein      | 2020-02-07 | 461-6501 Curabitur St.              | 81925       | Bremen                 | Bremen                 | Equatorial Guinea
Winter    | Nichols    | 2020-03-09 | 7001 Iaculis Rd.                    | 42601       | Düsseldorf             | Nordrhein-Westphalen   | Micronesia
Karyn     | Sandoval   | 2020-11-02 | Ap #769-9242 Nunc Road              | 26591       | Hamburg                | Hamburg                | Germany
Ethan     | Sandoval   | 2121-02-27 | 999-4655 Donec Avenue               | 441216      | Erlangen               | Bayern                 | Maldives
Carl      | Browning   | 1919-10-25 | 165-7017 Ut St.                     | 55-359      | Berlin                 | Berlin                 | Serbia
Magee     | Owen       | 2020-02-28 | P.O. Box 377, 883 Aliquam St.       | 414936      | Hennigsdorf            | Brandenburg            | Isle of Man
Ebony     | Taylor     | 2020-07-28 | 152-3412 Cursus, Street             | 37215       | Paderborn              | Nordrhein-Westphalen   | Dominican Republic
Cullen    | Hood       | 2020-02-15 | P.O. Box 640, 8404 Curabitur Ave    | 66457       | Berlin                 | Berlin                 | Western Sahara
Charde    | Garcia     | 1919-04-03 | 8490 Aliquam Road                   | 5141        | Göttingen              | Niedersachsen          | Belgium
Alika     | Garrison   | 2020-07-13 | 5246 Posuere Rd.                    | 10833       | Seevetal               | Niedersachsen          | China
Ignacia   | Wood       | 2020-04-22 | Ap #194-4629 Aliquam, Avenue        | 97588       | Konstanz               | Baden Württemberg      | Saint Martin
Ria       | Galloway   | 2020-05-09 | P.O. Box 605, 2750 In, St.          | 7547        | Speyer                 | Rheinland-Pfalz        | Falkland Islands
Cailin    | Stevens    | 2121-03-04 | Ap #981-8143 Arcu. Av.              | H4K 5P4     | Karlsruhe              | Baden Württemberg      | Somalia
Dexter    | Vang       | 2020-08-19 | 6258 Vitae St.                      | 1734        | Bremen                 | Bremen                 | Montserrat
Gannon    | Dudley     | 2020-09-07 | 3055 Hendrerit Ave                  | E04 4UT     | Bremerhaven            | Bremen                 | Uganda
Galena    | Ferguson   | 2020-06-22 | P.O. Box 504, 7388 Purus. Av.       | 546511      | Berlin                 | Berlin                 | Estonia
Jade      | Robertson  | 1919-07-17 | 7316 Malesuada. Street              | 61605       | Delitzsch              | Sachsen                | Swaziland
Kieran    | Montgomery | 1919-08-06 | 345-922 At, St.                     | B7R 6R7     | Koblenz                | Rheinland-Pfalz        | Jersey
Walker    | Barlow     | 2020-12-29 | 6801 Nec, St.                       | 4598        | Hamburg                | Hamburg                | Hong Kong
Yoko      | Cochran    | 1919-06-04 | P.O. Box 956, 5083 Metus. Av.       | 1464        | Hamburg                | Hamburg                | Ecuador
Dylan     | Bradley    | 1919-10-11 | P.O. Box 620, 7348 Dui. St.         | 709806      | Wandlitz               | Brandenburg            | Mozambique
Scarlet   | Orr        | 1919-12-24 | 735-456 Dui. Av.                    | 25671       | Bad Homburg v. d. Höhe | Hessen                 | Australia
Echo      | Erickson   | 2020-03-23 | 672-8180 Vitae, St.                 | 24-020      | Anklam                 | Mecklenburg-Vorpommern | Lesotho
Maggy     | Burris     | 2020-02-29 | 777-2468 Luctus Road                | 41403       | Bielefeld              | Nordrhein-Westphalen   | Angola
Josiah    | Sears      | 2121-02-02 | Ap #703-1125 Lorem Ave              | 13650       | Delitzsch              | Sachsen                | Bahamas
Helen     | Boyer      | 2020-08-15 | 8662 Vivamus Avenue                 | 929966      | Passau                 | Bayern                 | Laos
Jorden    | Manning    | 1919-12-22 | 3740 Sed St.                        | 26478-475   | Bad Homburg v. d. Höhe | Hessen                 | Cayman Islands
Barrett   | Sellers    | 2020-06-24 | 3688 Laoreet, Ave                   | 33883       | Garbsen                | Niedersachsen          | Tajikistan
Hayes     | Booth      | 2020-04-23 | 4370 Risus. Road                    | 11061       | Bitterfeld-Wolfen      | Sachsen-Anhalt         | Pitcairn Islands
Asher     | Parker     | 2020-10-14 | 5864 Sed Ave                        | Z7253       | Itzehoe                | Schleswig-Holstein     | Saint Kitts and Nevis
Lamar     | Gallagher  | 1919-07-27 | 6648 Magna. Avenue                  | 5987        | Freising               | Bayern                 | Liberia
Dorothy   | Charles    | 2020-04-10 | 157-9775 Magnis St.                 | 707353      | Wernigerode            | Sachsen-Anhalt         | Moldova
Phyllis   | Tyler      | 1919-12-22 | 679-1101 Luctus Ave                 | 29678       | Hamburg                | Hamburg                | South Africa
Wing      | Kent       | 1919-11-09 | 686-1479 Iaculis Rd.                | 42939       | Dreieich               | Hessen                 | Belize
Oliver    | Cruz       | 1919-05-05 | P.O. Box 295, 139 Lectus, Av.       | 145050      | Halberstadt            | Sachsen-Anhalt         | Côte D'Ivoire (Ivory Coast)
Yen       | Tillman    | 2020-08-24 | Ap #423-4009 Maecenas St.           | 12626       | Düsseldorf             | Nordrhein-Westphalen   | Peru
Lamar     | Larson     | 1919-08-29 | Ap #324-286 In, Av.                 | 619952      | Bremen                 | Bremen                 | Svalbard and Jan Mayen Islands
Blake     | Hahn       | 1919-06-15 | P.O. Box 969, 6494 Malesuada. Rd.   | 87921       | Rosenheim              | Bayern                 | Costa Rica
Jaden     | Olsen      | 1919-10-02 | 8851 Orci St.                       | 791036      | Gifhorn                | Niedersachsen          | Guam
Shaine    | James      | 1919-12-05 | 4847 Eros. Rd.                      | 9330        | Berlin                 | Berlin                 | Iraq
Cain      | Graham     | 2020-07-19 | Ap #300-5168 Sed, Avenue            | 282601      | Regensburg             | Bayern                 | Moldova
Victor    | Pearson    | 1919-09-25 | 2888 Dictum Road                    | X9B 0N3     | Cuxhaven               | Niedersachsen          | Costa Rica
Hayden    | Roberson   | 2020-05-01 | 298-9378 Duis Avenue                | 88880       | Blieskastel            | Saarland               | Montenegro
Lucius    | Stuart     | 2020-04-26 | 2388 Praesent Street                | 312570      | Hof                    | Bayern                 | Lesotho
Walter    | Hicks      | 1919-10-21 | 919-1902 Quam Street                | 457964      | Zweibrücken            | Rheinland-Pfalz        | Cayman Islands
Isabella  | Short      | 2121-03-04 | 143-725 Sed St.                     | Z5612       | Nordhorn               | Niedersachsen          | Trinidad and Tobago
Isabelle  | Mcmillan   | 1919-08-09 | 436-3587 Nulla Ave                  | 24595       | Essen                  | Nordrhein-Westphalen   | Kyrgyzstan
Tyrone    | Pennington | 2020-10-19 | 9092 Donec Avenue                   | 200135      | Bad Oldesloe           | Schleswig-Holstein     | Montserrat
Justina   | Berry      | 2020-03-02 | Ap #721-2534 Nunc. St.              | 246550      | Ulm                    | Baden Württemberg      | Sri Lanka
Rina      | Watts      | 2121-03-05 | P.O. Box 983, 1670 Vitae, Av.       | 562090      | Ribnitz-Damgarten      | Mecklenburg-Vorpommern | Cameroon
Kareem    | Church     | 2020-07-28 | Ap #148-7712 Sagittis. Av.          | 63000       | Passau                 | Bayern                 | Jordan
Macy      | Brown      | 1919-07-10 | 470-1491 Aenean Road                | 578432      | Delitzsch              | Sachsen                | Barbados
Steel     | Valentine  | 2020-07-22 | 467-5456 Arcu. St.                  | 4395        | Kaiserslauter          | Rheinland-Pfalz        | Taiwan
Yetta     | Sawyer     | 1919-08-16 | Ap #134-662 Nibh. Road              | 68816-235   | Straubing              | Bayern                 | Jordan
Lydia     | Pierce     | 1919-06-10 | 577-343 Sagittis Avenue             | 746623      | Braunschweig           | Niedersachsen          | United Arab Emirates
James     | Reid       | 1919-08-02 | Ap #131-6786 Placerat Street        | 189509      | Seevetal               | Niedersachsen          | Jersey
Rajah     | Klein      | 2020-06-19 | 9464 Aliquet St.                    | 09078       | Zwickau                | Sachsen                | Chad
Abra      | Stein      | 1919-11-24 | 4511 Cum Road                       | 18764-819   | Leipzig                | Sachsen                | Malta
Adam      | Chandler   | 2020-08-16 | 918-9334 Eu, St.                    | 31414       | Melle                  | Niedersachsen          | Northern Mariana Islands
